nazwa_2025;rodzaj
Uprawa zbóż innych niż ryż, roślin strączkowych i roślin oleistych na nasiona;NACE Rev. 2 class  01.11 is mapped to NACE Rev. 2.1 class  01.11
Uprawa ryżu;NACE Rev. 2 class  01.12 is mapped to NACE Rev. 2.1 class  01.12
Uprawa warzyw, włączając melony oraz uprawa roślin korzeniowych i roślin bulwiastych;NACE Rev. 2 class  01.13 is mapped to NACE Rev. 2.1 class  01.13
Uprawa trzciny cukrowej;NACE Rev. 2 class  01.14 is mapped to NACE Rev. 2.1 class  01.14
Uprawa tytoniu;NACE Rev. 2 class  01.15 is mapped to NACE Rev. 2.1 class  01.15
Uprawa roślin włóknistych;NACE Rev. 2 class  01.16 is mapped to NACE Rev. 2.1 class  01.16
Uprawa winogron;NACE Rev. 2 class  01.21 is mapped to NACE Rev. 2.1 class  01.21
Uprawa drzew i krzewów owocowych tropikalnych i podzwrotnikowych;NACE Rev. 2 class  01.22 is mapped to NACE Rev. 2.1 class  01.22
Uprawa drzew i krzewów owocowych cytrusowych;NACE Rev. 2 class  01.23 is mapped to NACE Rev. 2.1 class  01.23
Uprawa drzew i krzewów owocowych ziarnkowych i pestkowych;NACE Rev. 2 class  01.24 is mapped to NACE Rev. 2.1 class  01.24
Uprawa pozostałych drzew i krzewów owocowych oraz orzechów;NACE Rev. 2 class  01.25 is mapped to NACE Rev. 2.1 class  01.25
Uprawa drzew oleistych;NACE Rev. 2 class  01.26 is mapped to NACE Rev. 2.1 class  01.26
Uprawa roślin wykorzystywanych do produkcji napojów;NACE Rev. 2 class  01.27 is mapped to NACE Rev. 2.1 class  01.27
Uprawa pozostałych roślin wieloletnich;NACE Rev. 2 class  01.29 is mapped to NACE Rev. 2.1 class  01.29
Rozmnażanie roślin;NACE Rev. 2 class  01.30 is mapped to NACE Rev. 2.1 class  01.30
Chów i hodowla bydła mlecznego;NACE Rev. 2 class  01.41 is mapped to NACE Rev. 2.1 class  01.41
Chów i hodowla koni i pozostałych zwierząt koniowatych;NACE Rev. 2 class  01.43 is mapped to NACE Rev. 2.1 class  01.43
Chów i hodowla wielbłądów i zwierząt wielbłądowatych;NACE Rev. 2 class  01.44 is mapped to NACE Rev. 2.1 class  01.44
Chów i hodowla owiec i kóz;NACE Rev. 2 class  01.45 is mapped to NACE Rev. 2.1 class  01.45
Chów i hodowla świń;NACE Rev. 2 class  01.46 is mapped to NACE Rev. 2.1 class  01.46
Chów i hodowla drobiu;NACE Rev. 2 class  01.47 is mapped to NACE Rev. 2.1 class  01.47
Uprawy rolne połączone z chowem i hodowlą zwierząt (działalność mieszana);NACE Rev. 2 class  01.50 is mapped to NACE Rev. 2.1 class  01.50
Działalność usługowa wspomagająca produkcję roślinną;NACE Rev. 2 class  01.61 is mapped to NACE Rev. 2.1 class  01.61
Działalność usługowa następująca po zbiorach oraz obróbka nasion dla celów rozmnażania roślin;NACE Rev. 2 class  01.63 is mapped to NACE Rev. 2.1 class  01.63
Działalność usługowa następująca po zbiorach oraz obróbka nasion dla celów rozmnażania roślin;NACE Rev. 2 class  01.64 is mapped to NACE Rev. 2.1 class  01.63
Łowiectwo i pozyskiwanie zwierząt łownych, włączając działalność usługową;NACE Rev. 2 class  01.70 is mapped to NACE Rev. 2.1 class  01.70
Gospodarka leśna i pozostała działalność leśna, z wyłączeniem pozyskiwania produktów leśnych;NACE Rev. 2 class  02.10 is mapped to NACE Rev. 2.1 class  02.10
Pozyskiwanie drewna;NACE Rev. 2 class  02.20 is mapped to NACE Rev. 2.1 class  02.20
Pozyskiwanie dziko rosnących produktów leśnych, z wyłączeniem drewna;NACE Rev. 2 class  02.30 is mapped to NACE Rev. 2.1 class  02.30
Działalność usługowa związana z leśnictwem;NACE Rev. 2 class  02.40 is mapped to NACE Rev. 2.1 class  02.40
Wydobywanie węgla kamiennego;NACE Rev. 2 class  05.10 is mapped to NACE Rev. 2.1 class  05.10
Wydobywanie węgla brunatnego (lignitu);NACE Rev. 2 class  05.20 is mapped to NACE Rev. 2.1 class  05.20
Górnictwo ropy naftowej;NACE Rev. 2 class  06.10 is mapped to NACE Rev. 2.1 class  06.10
Górnictwo gazu ziemnego;NACE Rev. 2 class  06.20 is mapped to NACE Rev. 2.1 class  06.20
Górnictwo rud żelaza;NACE Rev. 2 class  07.10 is mapped to NACE Rev. 2.1 class  07.10
Górnictwo rud uranu i toru;NACE Rev. 2 class  07.21 is mapped to NACE Rev. 2.1 class  07.21
Górnictwo pozostałych rud metali nieżelaznych;NACE Rev. 2 class  07.29 is mapped to NACE Rev. 2.1 class  07.29
Wydobywanie kamieni ozdobnych, wapienia, gipsu, łupków oraz pozostałych kamieni i skał;NACE Rev. 2 class  08.11 is mapped to NACE Rev. 2.1 class  08.11
Wydobywanie żwiru, piasku, gliny i kaolinu;NACE Rev. 2 class  08.12 is mapped to NACE Rev. 2.1 class  08.12
Wydobywanie minerałów dla przemysłu chemicznego oraz do produkcji nawozów;NACE Rev. 2 class  08.91 is mapped to NACE Rev. 2.1 class  08.91
Wydobywanie torfu;NACE Rev. 2 class  08.92 is mapped to NACE Rev. 2.1 class  08.92
Wydobywanie soli;NACE Rev. 2 class  08.93 is mapped to NACE Rev. 2.1 class  08.93
Pozostałe górnictwo i wydobywanie, gdzie indziej niesklasyfikowane;NACE Rev. 2 class  08.99 is mapped to NACE Rev. 2.1 class  08.99
Działalność usługowa wspomagająca eksploatację złóż ropy naftowej i gazu ziemnego;NACE Rev. 2 class  09.10 is mapped to NACE Rev. 2.1 class  09.10
Działalność usługowa wspomagająca pozostałe górnictwo i wydobywanie;NACE Rev. 2 class  09.90 is mapped to NACE Rev. 2.1 class  09.90
Przetwarzanie i konserwowanie mięsa, z wyłączeniem mięsa z drobiu;NACE Rev. 2 class  10.11 is mapped to NACE Rev. 2.1 class  10.11
Przetwarzanie i konserwowanie mięsa z drobiu;NACE Rev. 2 class  10.12 is mapped to NACE Rev. 2.1 class  10.12
Produkcja wyrobów z mięsa, włączając wyroby z mięsa drobiowego;NACE Rev. 2 class  10.13 is mapped to NACE Rev. 2.1 class  10.13
Przetwarzanie i konserwowanie ryb, skorupiaków i mięczaków;NACE Rev. 2 class  10.20 is mapped to NACE Rev. 2.1 class  10.20
Przetwarzanie i konserwowanie ziemniaków;NACE Rev. 2 class  10.31 is mapped to NACE Rev. 2.1 class  10.31
Produkcja soków z owoców i warzyw;NACE Rev. 2 class  10.32 is mapped to NACE Rev. 2.1 class  10.32
Pozostałe przetwarzanie i konserwowanie owoców i warzyw;NACE Rev. 2 class  10.39 is mapped to NACE Rev. 2.1 class  10.39
Produkcja olejów i pozostałych tłuszczów płynnych;NACE Rev. 2 class  10.41 is mapped to NACE Rev. 2.1 class  10.41
Produkcja margaryny i podobnych tłuszczów jadalnych;NACE Rev. 2 class  10.42 is mapped to NACE Rev. 2.1 class  10.42
Wytwarzanie wyrobów mleczarskich;NACE Rev. 2 class  10.51 is mapped to NACE Rev. 2.1 class  10.51
Produkcja lodów śmietankowych i pozostałych lodów jadalnych;NACE Rev. 2 class  10.52 is mapped to NACE Rev. 2.1 class  10.52
Wytwarzanie produktów przemiału zbóż;NACE Rev. 2 class  10.61 is mapped to NACE Rev. 2.1 class  10.61
Wytwarzanie skrobi i wyrobów skrobiowych;NACE Rev. 2 class  10.62 is mapped to NACE Rev. 2.1 class  10.62
"Produkcja pieczywa; produkcja świeżych wyrobów ciastkarskich i ciastek";NACE Rev. 2 class  10.71 is mapped to NACE Rev. 2.1 class  10.71
Produkcja sucharów, herbatników, konserwowanych wyrobów ciastkarskich i ciastek;NACE Rev. 2 class  10.72 is mapped to NACE Rev. 2.1 class  10.72
Produkcja wyrobów mącznych;NACE Rev. 2 class  10.73 is mapped to NACE Rev. 2.1 class  10.73
Produkcja cukru;NACE Rev. 2 class  10.81 is mapped to NACE Rev. 2.1 class  10.81
Produkcja kakao, czekolady i wyrobów cukierniczych;NACE Rev. 2 class  10.82 is mapped to NACE Rev. 2.1 class  10.82
Przetwórstwo herbaty i kawy;NACE Rev. 2 class  10.83 is mapped to NACE Rev. 2.1 class  10.83
Produkcja przypraw;NACE Rev. 2 class  10.84 is mapped to NACE Rev. 2.1 class  10.84
Wytwarzanie gotowych posiłków i dań;NACE Rev. 2 class  10.85 is mapped to NACE Rev. 2.1 class  10.85
Produkcja pozostałych artykułów spożywczych, gdzie indziej niesklasyfikowana;NACE Rev. 2 class  10.89 is mapped to NACE Rev. 2.1 class  10.89
Produkcja gotowej paszy dla zwierząt gospodarskich;NACE Rev. 2 class  10.91 is mapped to NACE Rev. 2.1 class  10.91
Produkcja gotowej karmy dla zwierząt domowych;NACE Rev. 2 class  10.92 is mapped to NACE Rev. 2.1 class  10.92
Destylowanie, rektyfikowanie i mieszanie alkoholi;NACE Rev. 2 class  11.01 is mapped to NACE Rev. 2.1 class  11.01
Produkcja win gronowych;NACE Rev. 2 class  11.02 is mapped to NACE Rev. 2.1 class  11.02
Produkcja cydru i pozostałych owocowych napojów fermentowanych;NACE Rev. 2 class  11.03 is mapped to NACE Rev. 2.1 class  11.03
Produkcja pozostałych niedestylowanych napojów fermentowanych;NACE Rev. 2 class  11.04 is mapped to NACE Rev. 2.1 class  11.04
Produkcja piwa;NACE Rev. 2 class  11.05 is mapped to NACE Rev. 2.1 class  11.05
Produkcja słodu;NACE Rev. 2 class  11.06 is mapped to NACE Rev. 2.1 class  11.06
Produkcja napojów bezalkoholowych i wód butelkowanych;NACE Rev. 2 class  11.07 is mapped to NACE Rev. 2.1 class  11.07
Produkcja wyrobów tytoniowych;NACE Rev. 2 class  12.00 is mapped to NACE Rev. 2.1 class  12.00
Przygotowanie i przędzenie włókien tekstylnych;NACE Rev. 2 class  13.10 is mapped to NACE Rev. 2.1 class  13.10
Wykończanie wyrobów tekstylnych;NACE Rev. 2 class  13.30 is mapped to NACE Rev. 2.1 class  13.30
Produkcja dzianin metrażowych;NACE Rev. 2 class  13.91 is mapped to NACE Rev. 2.1 class  13.91
Produkcja dywanów i chodników;NACE Rev. 2 class  13.93 is mapped to NACE Rev. 2.1 class  13.93
Produkcja wyrobów powroźniczych, lin, szpagatów i wyrobów sieciowych;NACE Rev. 2 class  13.94 is mapped to NACE Rev. 2.1 class  13.94
Produkcja włóknin i wyrobów wykonanych z włókniny;NACE Rev. 2 class  13.95 is mapped to NACE Rev. 2.1 class  13.95
Produkcja pozostałych technicznych i przemysłowych wyrobów tekstylnych;NACE Rev. 2 class  13.96 is mapped to NACE Rev. 2.1 class  13.96
Produkcja pozostałych wyrobów tekstylnych, gdzie indziej niesklasyfikowana;NACE Rev. 2 class  13.99 is mapped to NACE Rev. 2.1 class  13.99
Produkcja odzieży skórzanej i wyrobów futrzarskich;NACE Rev. 2 class  14.11 is mapped to NACE Rev. 2.1 class  14.24
Produkcja odzieży roboczej;NACE Rev. 2 class  14.12 is mapped to NACE Rev. 2.1 class  14.23
Produkcja odzieży skórzanej i wyrobów futrzarskich;NACE Rev. 2 class  14.20 is mapped to NACE Rev. 2.1 class  14.24
Produkcja odzieży dzianej;NACE Rev. 2 class  14.31 is mapped to NACE Rev. 2.1 class  14.10
Produkcja odzieży dzianej;NACE Rev. 2 class  14.39 is mapped to NACE Rev. 2.1 class  14.10
Garbowanie, barwienie, wyprawa skór i futer;NACE Rev. 2 class  15.11 is mapped to NACE Rev. 2.1 class  15.11
"Produkcja toreb bagażowych, toreb ręcznych i podobnych wyrobów kaletniczych; produkcja wyrobów rymarskich z dowolnego materiału";NACE Rev. 2 class  15.12 is mapped to NACE Rev. 2.1 class  15.12
Produkcja obuwia;NACE Rev. 2 class  15.20 is mapped to NACE Rev. 2.1 class  15.20
Produkcja masy włóknistej;NACE Rev. 2 class  17.11 is mapped to NACE Rev. 2.1 class  17.11
Produkcja papieru i tektury;NACE Rev. 2 class  17.12 is mapped to NACE Rev. 2.1 class  17.12
Produkcja papieru falistego, tektury falistej oraz opakowań z papieru i tektury;NACE Rev. 2 class  17.21 is mapped to NACE Rev. 2.1 class  17.21
Produkcja artykułów gospodarstwa domowego, toaletowych i sanitarnych;NACE Rev. 2 class  17.22 is mapped to NACE Rev. 2.1 class  17.22
Produkcja artykułów papierniczych;NACE Rev. 2 class  17.23 is mapped to NACE Rev. 2.1 class  17.23
Produkcja tapet;NACE Rev. 2 class  17.24 is mapped to NACE Rev. 2.1 class  17.24
Produkcja pozostałych wyrobów z papieru i tektury;NACE Rev. 2 class  17.29 is mapped to NACE Rev. 2.1 class  17.25
Drukowanie gazet;NACE Rev. 2 class  18.11 is mapped to NACE Rev. 2.1 class  18.11
Działalność usługowa związana z przygotowywaniem do druku;NACE Rev. 2 class  18.13 is mapped to NACE Rev. 2.1 class  18.13
Introligatorstwo i podobne usługi;NACE Rev. 2 class  18.14 is mapped to NACE Rev. 2.1 class  18.14
Reprodukcja zapisanych nośników informacji;NACE Rev. 2 class  18.20 is mapped to NACE Rev. 2.1 class  18.20
Wytwarzanie i przetwarzanie koksu;NACE Rev. 2 class  19.10 is mapped to NACE Rev. 2.1 class  19.10
Wytwarzanie i przetwarzanie produktów rafinacji ropy naftowej oraz produktów z paliw kopalnych;NACE Rev. 2 class  19.20 is mapped to NACE Rev. 2.1 class  19.20
Produkcja barwników i pigmentów;NACE Rev. 2 class  20.12 is mapped to NACE Rev. 2.1 class  20.12
Produkcja pozostałych podstawowych chemikaliów nieorganicznych;NACE Rev. 2 class  20.13 is mapped to NACE Rev. 2.1 class  20.13
Produkcja nawozów i związków azotowych;NACE Rev. 2 class  20.15 is mapped to NACE Rev. 2.1 class  20.15
Produkcja tworzyw sztucznych w formach podstawowych;NACE Rev. 2 class  20.16 is mapped to NACE Rev. 2.1 class  20.16
Produkcja kauczuku syntetycznego w formach podstawowych;NACE Rev. 2 class  20.17 is mapped to NACE Rev. 2.1 class  20.17
Produkcja pestycydów, środków dezynfekujących i pozostałych środków agrochemicznych;NACE Rev. 2 class  20.20 is mapped to NACE Rev. 2.1 class  20.20
Produkcja farb, lakierów i podobnych powłok, farb drukarskich i mas uszczelniających;NACE Rev. 2 class  20.30 is mapped to NACE Rev. 2.1 class  20.30
Produkcja mydła i detergentów, środków myjących i czyszczących;NACE Rev. 2 class  20.41 is mapped to NACE Rev. 2.1 class  20.41
Produkcja wyrobów kosmetycznych i toaletowych;NACE Rev. 2 class  20.42 is mapped to NACE Rev. 2.1 class  20.42
Produkcja pozostałych wyrobów chemicznych, gdzie indziej niesklasyfikowana;NACE Rev. 2 class  20.51 is mapped to NACE Rev. 2.1 class  20.59
Produkcja pozostałych wyrobów chemicznych, gdzie indziej niesklasyfikowana;NACE Rev. 2 class  20.52 is mapped to NACE Rev. 2.1 class  20.59
Produkcja pozostałych wyrobów chemicznych, gdzie indziej niesklasyfikowana;NACE Rev. 2 class  20.53 is mapped to NACE Rev. 2.1 class  20.59
Produkcja włókien chemicznych;NACE Rev. 2 class  20.60 is mapped to NACE Rev. 2.1 class  20.60
Produkcja podstawowych substancji farmaceutycznych;NACE Rev. 2 class  21.10 is mapped to NACE Rev. 2.1 class  21.10
Produkcja leków i pozostałych wyrobów farmaceutycznych;NACE Rev. 2 class  21.20 is mapped to NACE Rev. 2.1 class  21.20
Produkcja, bieżnikowanie i regenerowanie opon z gumy oraz produkcja dętek;NACE Rev. 2 class  22.11 is mapped to NACE Rev. 2.1 class  22.11
Produkcja szkła płaskiego;NACE Rev. 2 class  23.11 is mapped to NACE Rev. 2.1 class  23.11
Produkcja szkła gospodarczego;NACE Rev. 2 class  23.13 is mapped to NACE Rev. 2.1 class  23.13
Produkcja włókien szklanych;NACE Rev. 2 class  23.14 is mapped to NACE Rev. 2.1 class  23.14
Produkcja i obróbka pozostałego szkła, włączając szkło techniczne;NACE Rev. 2 class  23.19 is mapped to NACE Rev. 2.1 class  23.15
Produkcja wyrobów ogniotrwałych;NACE Rev. 2 class  23.20 is mapped to NACE Rev. 2.1 class  23.20
Produkcja ceramicznych kafli i płytek;NACE Rev. 2 class  23.31 is mapped to NACE Rev. 2.1 class  23.31
Produkcja cegieł, dachówek i materiałów budowlanych, z wypalanej gliny;NACE Rev. 2 class  23.32 is mapped to NACE Rev. 2.1 class  23.32
Produkcja ceramicznych wyrobów stołowych i ozdobnych;NACE Rev. 2 class  23.41 is mapped to NACE Rev. 2.1 class  23.41
Produkcja ceramicznych wyrobów sanitarnych;NACE Rev. 2 class  23.42 is mapped to NACE Rev. 2.1 class  23.42
Produkcja ceramicznych izolatorów i osłon izolacyjnych;NACE Rev. 2 class  23.43 is mapped to NACE Rev. 2.1 class  23.43
Produkcja pozostałych technicznych wyrobów ceramicznych;NACE Rev. 2 class  23.44 is mapped to NACE Rev. 2.1 class  23.44
Produkcja pozostałych wyrobów ceramicznych;NACE Rev. 2 class  23.49 is mapped to NACE Rev. 2.1 class  23.45
Produkcja cementu;NACE Rev. 2 class  23.51 is mapped to NACE Rev. 2.1 class  23.51
Produkcja wapna i gipsu;NACE Rev. 2 class  23.52 is mapped to NACE Rev. 2.1 class  23.52
Produkcja wyrobów budowlanych z betonu;NACE Rev. 2 class  23.61 is mapped to NACE Rev. 2.1 class  23.61
Produkcja wyrobów budowlanych z gipsu;NACE Rev. 2 class  23.62 is mapped to NACE Rev. 2.1 class  23.62
Produkcja masy betonowej prefabrykowanej;NACE Rev. 2 class  23.63 is mapped to NACE Rev. 2.1 class  23.63
Produkcja zaprawy murarskiej;NACE Rev. 2 class  23.64 is mapped to NACE Rev. 2.1 class  23.64
Produkcja cementu wzmocnionego włóknem;NACE Rev. 2 class  23.65 is mapped to NACE Rev. 2.1 class  23.65
Produkcja pozostałych wyrobów z betonu, cementu i gipsu;NACE Rev. 2 class  23.69 is mapped to NACE Rev. 2.1 class  23.66
Cięcie, formowanie i wykończanie kamienia;NACE Rev. 2 class  23.70 is mapped to NACE Rev. 2.1 class  23.70
Produkcja wyrobów ściernych;NACE Rev. 2 class  23.91 is mapped to NACE Rev. 2.1 class  23.91
Produkcja pozostałych wyrobów z mineralnych surowców niemetalicznych, gdzie indziej niesklasyfikowana;NACE Rev. 2 class  23.99 is mapped to NACE Rev. 2.1 class  23.99
Produkcja surówki żelazostopów, żeliwa i stali oraz wyrobów hutniczych;NACE Rev. 2 class  24.10 is mapped to NACE Rev. 2.1 class  24.10
Produkcja rur, przewodów, kształtowników zamkniętych i łączników, ze stali;NACE Rev. 2 class  24.20 is mapped to NACE Rev. 2.1 class  24.20
Produkcja prętów ciągnionych na zimno;NACE Rev. 2 class  24.31 is mapped to NACE Rev. 2.1 class  24.31
Produkcja wyrobów płaskich walcowanych na zimno;NACE Rev. 2 class  24.32 is mapped to NACE Rev. 2.1 class  24.32
Produkcja wyrobów formowanych na zimno;NACE Rev. 2 class  24.33 is mapped to NACE Rev. 2.1 class  24.33
Produkcja drutu;NACE Rev. 2 class  24.34 is mapped to NACE Rev. 2.1 class  24.34
Produkcja metali szlachetnych;NACE Rev. 2 class  24.41 is mapped to NACE Rev. 2.1 class  24.41
Produkcja aluminium;NACE Rev. 2 class  24.42 is mapped to NACE Rev. 2.1 class  24.42
Produkcja ołowiu, cynku i cyny;NACE Rev. 2 class  24.43 is mapped to NACE Rev. 2.1 class  24.43
Produkcja miedzi;NACE Rev. 2 class  24.44 is mapped to NACE Rev. 2.1 class  24.44
Produkcja pozostałych metali nieżelaznych;NACE Rev. 2 class  24.45 is mapped to NACE Rev. 2.1 class  24.45
Wytwarzanie paliw jądrowych;NACE Rev. 2 class  24.46 is mapped to NACE Rev. 2.1 class  24.46
Odlewnictwo żeliwa;NACE Rev. 2 class  24.51 is mapped to NACE Rev. 2.1 class  24.51
Odlewnictwo staliwa;NACE Rev. 2 class  24.52 is mapped to NACE Rev. 2.1 class  24.52
Odlewnictwo pozostałych metali nieżelaznych;NACE Rev. 2 class  24.54 is mapped to NACE Rev. 2.1 class  24.54
Produkcja konstrukcji metalowych i ich części;NACE Rev. 2 class  25.11 is mapped to NACE Rev. 2.1 class  25.11
Produkcja drzwi i okien z metalu;NACE Rev. 2 class  25.12 is mapped to NACE Rev. 2.1 class  25.12
Produkcja grzejników centralnego ogrzewania, wytwornic pary i kotłów;NACE Rev. 2 class  25.21 is mapped to NACE Rev. 2.1 class  25.21
Produkcja pozostałych zbiorników, cystern i pojemników metalowych;NACE Rev. 2 class  25.29 is mapped to NACE Rev. 2.1 class  25.22
Produkcja grzejników centralnego ogrzewania, wytwornic pary i kotłów;NACE Rev. 2 class  25.30 is mapped to NACE Rev. 2.1 class  25.21
Produkcja broni i amunicji;NACE Rev. 2 class  25.40 is mapped to NACE Rev. 2.1 class  25.30
Kucie i formowanie metali oraz metalurgia proszków;NACE Rev. 2 class  25.50 is mapped to NACE Rev. 2.1 class  25.40
Obróbka mechaniczna elementów metalowych;NACE Rev. 2 class  25.62 is mapped to NACE Rev. 2.1 class  25.53
Produkcja wyrobów nożowniczych i sztućców;NACE Rev. 2 class  25.71 is mapped to NACE Rev. 2.1 class  25.61
Produkcja zamków i zawiasów;NACE Rev. 2 class  25.72 is mapped to NACE Rev. 2.1 class  25.62
Produkcja narzędzi;NACE Rev. 2 class  25.73 is mapped to NACE Rev. 2.1 class  25.63
Produkcja pojemników metalowych;NACE Rev. 2 class  25.91 is mapped to NACE Rev. 2.1 class  25.91
Produkcja opakowań z metali lekkich;NACE Rev. 2 class  25.92 is mapped to NACE Rev. 2.1 class  25.92
Produkcja wyrobów z drutu, łańcuchów i sprężyn;NACE Rev. 2 class  25.93 is mapped to NACE Rev. 2.1 class  25.93
Produkcja złączy i śrub;NACE Rev. 2 class  25.94 is mapped to NACE Rev. 2.1 class  25.94
Produkcja pozostałych gotowych wyrobów metalowych, gdzie indziej niesklasyfikowana;NACE Rev. 2 class  25.99 is mapped to NACE Rev. 2.1 class  25.99
Produkcja elektronicznych obwodów drukowanych;NACE Rev. 2 class  26.12 is mapped to NACE Rev. 2.1 class  26.12
Produkcja komputerów i urządzeń peryferyjnych;NACE Rev. 2 class  26.20 is mapped to NACE Rev. 2.1 class  26.20
Produkcja elektronicznego sprzętu powszechnego użytku;NACE Rev. 2 class  26.40 is mapped to NACE Rev. 2.1 class  26.40
Produkcja instrumentów i przyrządów pomiarowych, kontrolnych i nawigacyjnych;NACE Rev. 2 class  26.51 is mapped to NACE Rev. 2.1 class  26.51
Produkcja zegarków i zegarów;NACE Rev. 2 class  26.52 is mapped to NACE Rev. 2.1 class  26.52
Produkcja urządzeń napromieniowujących, sprzętu elektromedycznego i elektroterapeutycznego;NACE Rev. 2 class  26.60 is mapped to NACE Rev. 2.1 class  26.60
Produkcja instrumentów optycznych, niezapisanych magnetycznych i optycznych nośników informacji oraz sprzętu fotograficznego;NACE Rev. 2 class  26.70 is mapped to NACE Rev. 2.1 class  26.70
Produkcja instrumentów optycznych, niezapisanych magnetycznych i optycznych nośników informacji oraz sprzętu fotograficznego;NACE Rev. 2 class  26.80 is mapped to NACE Rev. 2.1 class  26.70
Produkcja baterii i akumulatorów;NACE Rev. 2 class  27.20 is mapped to NACE Rev. 2.1 class  27.20
Produkcja kabli światłowodowych;NACE Rev. 2 class  27.31 is mapped to NACE Rev. 2.1 class  27.31
Produkcja pozostałych elektronicznych i elektrycznych przewodów i kabli;NACE Rev. 2 class  27.32 is mapped to NACE Rev. 2.1 class  27.32
Produkcja sprzętu instalacyjnego;NACE Rev. 2 class  27.33 is mapped to NACE Rev. 2.1 class  27.33
Produkcja sprzętu oświetleniowego;NACE Rev. 2 class  27.40 is mapped to NACE Rev. 2.1 class  27.40
Produkcja elektrycznego sprzętu gospodarstwa domowego;NACE Rev. 2 class  27.51 is mapped to NACE Rev. 2.1 class  27.51
Produkcja nieelektrycznego sprzętu gospodarstwa domowego;NACE Rev. 2 class  27.52 is mapped to NACE Rev. 2.1 class  27.52
Produkcja sprzętu i wyposażenia do napędu hydraulicznego i pneumatycznego;NACE Rev. 2 class  28.12 is mapped to NACE Rev. 2.1 class  28.12
Produkcja pozostałych pomp i sprężarek;NACE Rev. 2 class  28.13 is mapped to NACE Rev. 2.1 class  28.13
Produkcja pozostałych kurków i zaworów;NACE Rev. 2 class  28.14 is mapped to NACE Rev. 2.1 class  28.14
Produkcja łożysk, kół zębatych, przekładni zębatych i elementów napędowych;NACE Rev. 2 class  28.15 is mapped to NACE Rev. 2.1 class  28.15
Produkcja pieców, palenisk i stałych urządzeń grzewczych dla gospodarstw domowych;NACE Rev. 2 class  28.21 is mapped to NACE Rev. 2.1 class  28.21
Produkcja urządzeń podnośnikowych i przeładunkowych;NACE Rev. 2 class  28.22 is mapped to NACE Rev. 2.1 class  28.22
Produkcja narzędzi ręcznych mechanicznych;NACE Rev. 2 class  28.24 is mapped to NACE Rev. 2.1 class  28.24
Produkcja pozostałych maszyn ogólnego przeznaczenia, gdzie indziej niesklasyfikowana;NACE Rev. 2 class  28.29 is mapped to NACE Rev. 2.1 class  28.29
Produkcja maszyn dla rolnictwa i leśnictwa;NACE Rev. 2 class  28.30 is mapped to NACE Rev. 2.1 class  28.30
Produkcja obrabiarek do metalu;NACE Rev. 2 class  28.41 is mapped to NACE Rev. 2.1 class  28.41
Produkcja maszyn dla metalurgii;NACE Rev. 2 class  28.91 is mapped to NACE Rev. 2.1 class  28.91
Produkcja maszyn stosowanych w przetwórstwie żywności, tytoniu i produkcji napojów;NACE Rev. 2 class  28.93 is mapped to NACE Rev. 2.1 class  28.93
Produkcja maszyn dla przemysłu tekstylnego, odzieżowego i skórzanego;NACE Rev. 2 class  28.94 is mapped to NACE Rev. 2.1 class  28.94
Produkcja maszyn dla przemysłu papierniczego;NACE Rev. 2 class  28.95 is mapped to NACE Rev. 2.1 class  28.95
Produkcja pojazdów silnikowych z wyłączeniem motocykli;NACE Rev. 2 class  29.10 is mapped to NACE Rev. 2.1 class  29.10
"Produkcja nadwozi do pojazdów silnikowych z wyłączeniem motocykli; produkcja przyczep i naczep";NACE Rev. 2 class  29.20 is mapped to NACE Rev. 2.1 class  29.20
Produkcja wyposażenia elektrycznego i elektronicznego do pojazdów silnikowych z wyłączeniem motocykli;NACE Rev. 2 class  29.31 is mapped to NACE Rev. 2.1 class  29.31
Produkcja pozostałych części i akcesoriów do pojazdów silnikowych z wyłączeniem motocykli;NACE Rev. 2 class  29.32 is mapped to NACE Rev. 2.1 class  29.32
Produkcja łodzi wycieczkowych i sportowych;NACE Rev. 2 class  30.12 is mapped to NACE Rev. 2.1 class  30.12
Produkcja lokomotyw kolejowych oraz taboru szynowego;NACE Rev. 2 class  30.20 is mapped to NACE Rev. 2.1 class  30.20
Produkcja rowerów i wózków inwalidzkich;NACE Rev. 2 class  30.92 is mapped to NACE Rev. 2.1 class  30.92
Produkcja pozostałego sprzętu transportowego, gdzie indziej niesklasyfikowana;NACE Rev. 2 class  30.99 is mapped to NACE Rev. 2.1 class  30.99
Produkcja mebli;NACE Rev. 2 class  31.01 is mapped to NACE Rev. 2.1 class  31.00
Produkcja mebli;NACE Rev. 2 class  31.02 is mapped to NACE Rev. 2.1 class  31.00
Produkcja mebli;NACE Rev. 2 class  31.03 is mapped to NACE Rev. 2.1 class  31.00
Produkcja mebli;NACE Rev. 2 class  31.09 is mapped to NACE Rev. 2.1 class  31.00
Produkcja monet;NACE Rev. 2 class  32.11 is mapped to NACE Rev. 2.1 class  32.11
Produkcja wyrobów jubilerskich i podobnych;NACE Rev. 2 class  32.12 is mapped to NACE Rev. 2.1 class  32.12
Produkcja sztucznej biżuterii i wyrobów podobnych;NACE Rev. 2 class  32.13 is mapped to NACE Rev. 2.1 class  32.13
Produkcja instrumentów muzycznych;NACE Rev. 2 class  32.20 is mapped to NACE Rev. 2.1 class  32.20
Produkcja gier i zabawek;NACE Rev. 2 class  32.40 is mapped to NACE Rev. 2.1 class  32.40
Produkcja mioteł, szczotek i pędzli;NACE Rev. 2 class  32.91 is mapped to NACE Rev. 2.1 class  32.91
Naprawa i konserwacja urządzeń elektronicznych i optycznych;NACE Rev. 2 class  33.13 is mapped to NACE Rev. 2.1 class  33.13
Naprawa i konserwacja urządzeń elektrycznych;NACE Rev. 2 class  33.14 is mapped to NACE Rev. 2.1 class  33.14
Naprawa i konserwacja pozostałego cywilnego sprzętu transportowego;NACE Rev. 2 class  33.17 is mapped to NACE Rev. 2.1 class  33.17
Instalowanie maszyn przemysłowych, sprzętu i wyposażenia;NACE Rev. 2 class  33.20 is mapped to NACE Rev. 2.1 class  33.20
Przesyłanie energii elektrycznej;NACE Rev. 2 class  35.12 is mapped to NACE Rev. 2.1 class  35.13
Dystrybucja energii elektrycznej;NACE Rev. 2 class  35.13 is mapped to NACE Rev. 2.1 class  35.14
Wytwarzanie paliw gazowych;NACE Rev. 2 class  35.21 is mapped to NACE Rev. 2.1 class  35.21
Dystrybucja paliw gazowych w systemie sieciowym;NACE Rev. 2 class  35.22 is mapped to NACE Rev. 2.1 class  35.22
Wytwarzanie i zaopatrywanie w parę wodną i powietrze do układów klimatyzacyjnych;NACE Rev. 2 class  35.30 is mapped to NACE Rev. 2.1 class  35.30
Pobór, uzdatnianie i dostarczanie wody;NACE Rev. 2 class  36.00 is mapped to NACE Rev. 2.1 class  36.00
Odprowadzanie i oczyszczanie ścieków;NACE Rev. 2 class  37.00 is mapped to NACE Rev. 2.1 class  37.00
Zbieranie odpadów innych niż niebezpieczne;NACE Rev. 2 class  38.11 is mapped to NACE Rev. 2.1 class  38.11
Zbieranie odpadów niebezpiecznych;NACE Rev. 2 class  38.12 is mapped to NACE Rev. 2.1 class  38.12
Odzysk surowców;NACE Rev. 2 class  38.31 is mapped to NACE Rev. 2.1 class  38.21
Działalność związana z rekultywacją i pozostała działalność usługowa związana z gospodarką odpadami;NACE Rev. 2 class  39.00 is mapped to NACE Rev. 2.1 class  39.00
Realizacja projektów budowlanych;NACE Rev. 2 class  41.10 is mapped to NACE Rev. 2.1 class  68.12
Roboty związane z budową dróg szynowych i kolei podziemnej;NACE Rev. 2 class  42.12 is mapped to NACE Rev. 2.1 class  42.12
Roboty związane z budową mostów i tuneli;NACE Rev. 2 class  42.13 is mapped to NACE Rev. 2.1 class  42.13
Roboty związane z budową rurociągów przesyłowych i sieci rozdzielczych;NACE Rev. 2 class  42.21 is mapped to NACE Rev. 2.1 class  42.21
Roboty związane z budową linii telekomunikacyjnych i elektroenergetycznych;NACE Rev. 2 class  42.22 is mapped to NACE Rev. 2.1 class  42.22
Roboty związane z budową obiektów inżynierii wodnej;NACE Rev. 2 class  42.91 is mapped to NACE Rev. 2.1 class  42.91
Roboty związane z budową pozostałych obiektów inżynierii lądowej i wodnej, gdzie indziej niesklasyfikowane;NACE Rev. 2 class  42.99 is mapped to NACE Rev. 2.1 class  42.99
Rozbiórka i burzenie obiektów budowlanych;NACE Rev. 2 class  43.11 is mapped to NACE Rev. 2.1 class  43.11
Wykonywanie wykopów i wierceń geologiczno-inżynierskich;NACE Rev. 2 class  43.13 is mapped to NACE Rev. 2.1 class  43.13
Wykonywanie instalacji elektrycznych;NACE Rev. 2 class  43.21 is mapped to NACE Rev. 2.1 class  43.21
Wykonywanie instalacji wodno-kanalizacyjnych, cieplnych i klimatyzacyjnych;NACE Rev. 2 class  43.22 is mapped to NACE Rev. 2.1 class  43.22
Tynkowanie;NACE Rev. 2 class  43.31 is mapped to NACE Rev. 2.1 class  43.31
Zakładanie stolarki budowlanej;NACE Rev. 2 class  43.32 is mapped to NACE Rev. 2.1 class  43.32
"Posadzkarstwo; tapetowanie i oblicowywanie ścian";NACE Rev. 2 class  43.33 is mapped to NACE Rev. 2.1 class  43.33
Malowanie i szklenie;NACE Rev. 2 class  43.34 is mapped to NACE Rev. 2.1 class  43.34
Wykonywanie konstrukcji i pokryć dachowych;NACE Rev. 2 class  43.91 is mapped to NACE Rev. 2.1 class  43.41
Sprzedaż detaliczna części i akcesoriów do pojazdów silnikowych z wyłączeniem motocykli;NACE Rev. 2 class  45.32 is mapped to NACE Rev. 2.1 class  47.82
Działalność agentów zajmujących się sprzedażą hurtową płodów rolnych, żywych zwierząt, surowców dla przemysłu tekstylnego i półproduktów;NACE Rev. 2 class  46.11 is mapped to NACE Rev. 2.1 class  46.11
Działalność agentów zajmujących się sprzedażą hurtową paliw, rud, metali i chemikaliów przemysłowych;NACE Rev. 2 class  46.12 is mapped to NACE Rev. 2.1 class  46.12
Działalność agentów zajmujących się sprzedażą hurtową drewna i materiałów budowlanych;NACE Rev. 2 class  46.13 is mapped to NACE Rev. 2.1 class  46.13
Działalność agentów zajmujących się sprzedażą hurtową maszyn, urządzeń przemysłowych, statków i samolotów;NACE Rev. 2 class  46.14 is mapped to NACE Rev. 2.1 class  46.14
Działalność agentów zajmujących się sprzedażą hurtową mebli, artykułów gospodarstwa domowego i drobnych wyrobów metalowych;NACE Rev. 2 class  46.15 is mapped to NACE Rev. 2.1 class  46.15
Działalność agentów zajmujących się sprzedażą hurtową wyrobów tekstylnych, odzieży, wyrobów futrzarskich, obuwia i artykułów skórzanych;NACE Rev. 2 class  46.16 is mapped to NACE Rev. 2.1 class  46.16
Działalność agentów zajmujących się sprzedażą hurtową żywności, napojów i wyrobów tytoniowych;NACE Rev. 2 class  46.17 is mapped to NACE Rev. 2.1 class  46.17
Działalność agentów zajmujących się sprzedażą hurtową pozostałych określonych towarów;NACE Rev. 2 class  46.18 is mapped to NACE Rev. 2.1 class  46.18
Działalność agentów zajmujących się sprzedażą hurtową niewyspecjalizowaną;NACE Rev. 2 class  46.19 is mapped to NACE Rev. 2.1 class  46.19
Sprzedaż hurtowa zboża, nieprzetworzonego tytoniu, nasion i pasz dla zwierząt;NACE Rev. 2 class  46.21 is mapped to NACE Rev. 2.1 class  46.21
Sprzedaż hurtowa kwiatów i roślin;NACE Rev. 2 class  46.22 is mapped to NACE Rev. 2.1 class  46.22
Sprzedaż hurtowa żywych zwierząt;NACE Rev. 2 class  46.23 is mapped to NACE Rev. 2.1 class  46.23
Sprzedaż hurtowa skór;NACE Rev. 2 class  46.24 is mapped to NACE Rev. 2.1 class  46.24
Sprzedaż hurtowa owoców i warzyw;NACE Rev. 2 class  46.31 is mapped to NACE Rev. 2.1 class  46.31
Sprzedaż hurtowa mięsa i wyrobów z mięsa oraz ryb i wyrobów z ryb;NACE Rev. 2 class  46.32 is mapped to NACE Rev. 2.1 class  46.32
Sprzedaż hurtowa mleka, wyrobów mleczarskich, jaj, olejów i tłuszczów jadalnych;NACE Rev. 2 class  46.33 is mapped to NACE Rev. 2.1 class  46.33
Sprzedaż hurtowa napojów alkoholowych i bezalkoholowych;NACE Rev. 2 class  46.34 is mapped to NACE Rev. 2.1 class  46.34
Sprzedaż hurtowa wyrobów tytoniowych;NACE Rev. 2 class  46.35 is mapped to NACE Rev. 2.1 class  46.35
Sprzedaż hurtowa cukru, czekolady i wyrobów cukierniczych;NACE Rev. 2 class  46.36 is mapped to NACE Rev. 2.1 class  46.36
Sprzedaż hurtowa herbaty, kawy, kakao i przypraw;NACE Rev. 2 class  46.37 is mapped to NACE Rev. 2.1 class  46.37
Sprzedaż hurtowa niewyspecjalizowana żywności, napojów i wyrobów tytoniowych;NACE Rev. 2 class  46.39 is mapped to NACE Rev. 2.1 class  46.39
Sprzedaż hurtowa wyrobów tekstylnych;NACE Rev. 2 class  46.41 is mapped to NACE Rev. 2.1 class  46.41
Sprzedaż hurtowa odzieży i obuwia;NACE Rev. 2 class  46.42 is mapped to NACE Rev. 2.1 class  46.42
Sprzedaż hurtowa wyrobów porcelanowych, ceramicznych i szklanych oraz środków czyszczących;NACE Rev. 2 class  46.44 is mapped to NACE Rev. 2.1 class  46.44
Sprzedaż hurtowa perfum i kosmetyków;NACE Rev. 2 class  46.45 is mapped to NACE Rev. 2.1 class  46.45
Sprzedaż hurtowa wyrobów farmaceutycznych i medycznych;NACE Rev. 2 class  46.46 is mapped to NACE Rev. 2.1 class  46.46
Sprzedaż hurtowa mebli do użytku domowego, biurowego i sklepowego, dywanów i sprzętu oświetleniowego;NACE Rev. 2 class  46.47 is mapped to NACE Rev. 2.1 class  46.47
Sprzedaż hurtowa zegarków i biżuterii;NACE Rev. 2 class  46.48 is mapped to NACE Rev. 2.1 class  46.48
Sprzedaż hurtowa pozostałych artykułów użytku domowego;NACE Rev. 2 class  46.49 is mapped to NACE Rev. 2.1 class  46.49
Sprzedaż hurtowa urządzeń technologii informacyjnej i komunikacyjnej;NACE Rev. 2 class  46.51 is mapped to NACE Rev. 2.1 class  46.50
Sprzedaż hurtowa urządzeń technologii informacyjnej i komunikacyjnej;NACE Rev. 2 class  46.52 is mapped to NACE Rev. 2.1 class  46.50
Sprzedaż hurtowa maszyn i urządzeń rolniczych oraz dodatkowego wyposażenia;NACE Rev. 2 class  46.61 is mapped to NACE Rev. 2.1 class  46.61
Sprzedaż hurtowa obrabiarek;NACE Rev. 2 class  46.62 is mapped to NACE Rev. 2.1 class  46.62
Sprzedaż hurtowa maszyn wykorzystywanych w górnictwie, budownictwie oraz inżynierii lądowej i wodnej;NACE Rev. 2 class  46.63 is mapped to NACE Rev. 2.1 class  46.63
Sprzedaż hurtowa pozostałych maszyn i urządzeń;NACE Rev. 2 class  46.64 is mapped to NACE Rev. 2.1 class  46.64
Sprzedaż hurtowa mebli do użytku domowego, biurowego i sklepowego, dywanów i sprzętu oświetleniowego;NACE Rev. 2 class  46.65 is mapped to NACE Rev. 2.1 class  46.47
Sprzedaż hurtowa urządzeń technologii informacyjnej i komunikacyjnej;NACE Rev. 2 class  46.66 is mapped to NACE Rev. 2.1 class  46.50
Sprzedaż hurtowa pozostałych maszyn i urządzeń;NACE Rev. 2 class  46.69 is mapped to NACE Rev. 2.1 class  46.64
Sprzedaż hurtowa paliw stałych, ciekłych, gazowych oraz produktów pochodnych;NACE Rev. 2 class  46.71 is mapped to NACE Rev. 2.1 class  46.81
Sprzedaż hurtowa metali i rud metali;NACE Rev. 2 class  46.72 is mapped to NACE Rev. 2.1 class  46.82
Sprzedaż hurtowa drewna, materiałów budowlanych i wyposażenia sanitarnego;NACE Rev. 2 class  46.73 is mapped to NACE Rev. 2.1 class  46.83
Sprzedaż hurtowa wyrobów metalowych oraz sprzętu i dodatkowego wyposażenia hydraulicznego i grzejnego;NACE Rev. 2 class  46.74 is mapped to NACE Rev. 2.1 class  46.84
Sprzedaż hurtowa wyrobów chemicznych;NACE Rev. 2 class  46.75 is mapped to NACE Rev. 2.1 class  46.85
Sprzedaż hurtowa pozostałych półproduktów;NACE Rev. 2 class  46.76 is mapped to NACE Rev. 2.1 class  46.86
Sprzedaż hurtowa odpadów i złomu;NACE Rev. 2 class  46.77 is mapped to NACE Rev. 2.1 class  46.87
Sprzedaż hurtowa niewyspecjalizowana;NACE Rev. 2 class  46.90 is mapped to NACE Rev. 2.1 class  46.90
Sprzedaż detaliczna owoców i warzyw;NACE Rev. 2 class  47.21 is mapped to NACE Rev. 2.1 class  47.21
Sprzedaż detaliczna mięsa i wyrobów z mięsa;NACE Rev. 2 class  47.22 is mapped to NACE Rev. 2.1 class  47.22
Sprzedaż detaliczna ryb, skorupiaków i mięczaków;NACE Rev. 2 class  47.23 is mapped to NACE Rev. 2.1 class  47.23
Sprzedaż detaliczna pieczywa, ciast, wyrobów ciastkarskich i cukierniczych;NACE Rev. 2 class  47.24 is mapped to NACE Rev. 2.1 class  47.24
Sprzedaż detaliczna napojów alkoholowych i bezalkoholowych;NACE Rev. 2 class  47.25 is mapped to NACE Rev. 2.1 class  47.25
Sprzedaż detaliczna wyrobów tytoniowych;NACE Rev. 2 class  47.26 is mapped to NACE Rev. 2.1 class  47.26
Sprzedaż detaliczna pozostałej żywności;NACE Rev. 2 class  47.29 is mapped to NACE Rev. 2.1 class  47.27
Sprzedaż detaliczna paliw do pojazdów silnikowych;NACE Rev. 2 class  47.30 is mapped to NACE Rev. 2.1 class  47.30
Sprzedaż detaliczna narzędzi technologii informacyjnej i komunikacyjnej;NACE Rev. 2 class  47.41 is mapped to NACE Rev. 2.1 class  47.40
Sprzedaż detaliczna narzędzi technologii informacyjnej i komunikacyjnej;NACE Rev. 2 class  47.42 is mapped to NACE Rev. 2.1 class  47.40
Sprzedaż detaliczna narzędzi technologii informacyjnej i komunikacyjnej;NACE Rev. 2 class  47.43 is mapped to NACE Rev. 2.1 class  47.40
Sprzedaż detaliczna wyrobów tekstylnych;NACE Rev. 2 class  47.51 is mapped to NACE Rev. 2.1 class  47.51
Sprzedaż detaliczna drobnych wyrobów metalowych, materiałów budowlanych, farb i szkła;NACE Rev. 2 class  47.52 is mapped to NACE Rev. 2.1 class  47.52
Sprzedaż detaliczna dywanów, chodników i innych pokryć podłogowych oraz pokryć ściennych;NACE Rev. 2 class  47.53 is mapped to NACE Rev. 2.1 class  47.53
Sprzedaż detaliczna elektrycznego sprzętu gospodarstwa domowego;NACE Rev. 2 class  47.54 is mapped to NACE Rev. 2.1 class  47.54
Sprzedaż detaliczna książek;NACE Rev. 2 class  47.61 is mapped to NACE Rev. 2.1 class  47.61
Sprzedaż detaliczna gazet i pozostałych periodyków oraz artykułów papierniczych;NACE Rev. 2 class  47.62 is mapped to NACE Rev. 2.1 class  47.62
Sprzedaż detaliczna wyrobów związanych z kulturą i rekreacją, gdzie indziej niesklasyfikowana;NACE Rev. 2 class  47.63 is mapped to NACE Rev. 2.1 class  47.69
Sprzedaż detaliczna sprzętu sportowego;NACE Rev. 2 class  47.64 is mapped to NACE Rev. 2.1 class  47.63
Sprzedaż detaliczna gier i zabawek;NACE Rev. 2 class  47.65 is mapped to NACE Rev. 2.1 class  47.64
Sprzedaż detaliczna odzieży;NACE Rev. 2 class  47.71 is mapped to NACE Rev. 2.1 class  47.71
Sprzedaż detaliczna obuwia i wyrobów skórzanych;NACE Rev. 2 class  47.72 is mapped to NACE Rev. 2.1 class  47.72
Sprzedaż detaliczna wyrobów farmaceutycznych;NACE Rev. 2 class  47.73 is mapped to NACE Rev. 2.1 class  47.73
Sprzedaż detaliczna wyrobów medycznych i ortopedycznych;NACE Rev. 2 class  47.74 is mapped to NACE Rev. 2.1 class  47.74
Sprzedaż detaliczna kosmetyków i artykułów toaletowych;NACE Rev. 2 class  47.75 is mapped to NACE Rev. 2.1 class  47.75
Sprzedaż detaliczna kwiatów, roślin, nawozów, żywych zwierząt domowych i karmy dla zwierząt domowych;NACE Rev. 2 class  47.76 is mapped to NACE Rev. 2.1 class  47.76
Sprzedaż detaliczna zegarków i biżuterii;NACE Rev. 2 class  47.77 is mapped to NACE Rev. 2.1 class  47.77
Transport kolejowy towarów;NACE Rev. 2 class  49.20 is mapped to NACE Rev. 2.1 class  49.20
Działalność usługowa związana z przeprowadzkami;NACE Rev. 2 class  49.42 is mapped to NACE Rev. 2.1 class  49.42
Transport rurociągowy;NACE Rev. 2 class  49.50 is mapped to NACE Rev. 2.1 class  49.50
Transport morski i przybrzeżny pasażerski;NACE Rev. 2 class  50.10 is mapped to NACE Rev. 2.1 class  50.10
Transport morski i przybrzeżny towarów;NACE Rev. 2 class  50.20 is mapped to NACE Rev. 2.1 class  50.20
Transport wodny śródlądowy pasażerski;NACE Rev. 2 class  50.30 is mapped to NACE Rev. 2.1 class  50.30
Transport wodny śródlądowy towarów;NACE Rev. 2 class  50.40 is mapped to NACE Rev. 2.1 class  50.40
Transport lotniczy pasażerski;NACE Rev. 2 class  51.10 is mapped to NACE Rev. 2.1 class  51.10
Transport lotniczy towarów;NACE Rev. 2 class  51.21 is mapped to NACE Rev. 2.1 class  51.21
Transport kosmiczny;NACE Rev. 2 class  51.22 is mapped to NACE Rev. 2.1 class  51.22
Działalność usługowa wspomagająca transport lądowy;NACE Rev. 2 class  52.21 is mapped to NACE Rev. 2.1 class  52.21
Działalność usługowa wspomagająca transport wodny;NACE Rev. 2 class  52.22 is mapped to NACE Rev. 2.1 class  52.22
Działalność usługowa wspomagająca transport lotniczy;NACE Rev. 2 class  52.23 is mapped to NACE Rev. 2.1 class  52.23
Przeładunek towarów;NACE Rev. 2 class  52.24 is mapped to NACE Rev. 2.1 class  52.24
Działalność pocztowa objęta obowiązkiem świadczenia usług powszechnych (operatora publicznego);NACE Rev. 2 class  53.10 is mapped to NACE Rev. 2.1 class  53.10
Pozostała działalność pocztowa i kurierska;NACE Rev. 2 class  53.20 is mapped to NACE Rev. 2.1 class  53.20
Hotele i podobne obiekty zakwaterowania;NACE Rev. 2 class  55.10 is mapped to NACE Rev. 2.1 class  55.10
Obiekty noclegowe turystyczne i miejsca krótkotrwałego zakwaterowania;NACE Rev. 2 class  55.20 is mapped to NACE Rev. 2.1 class  55.20
Pola kempingowe, włączając pola dla pojazdów kempingowych i pola namiotowe;NACE Rev. 2 class  55.30 is mapped to NACE Rev. 2.1 class  55.30
Pozostałe zakwaterowanie;NACE Rev. 2 class  55.90 is mapped to NACE Rev. 2.1 class  55.90
Okazjonalne przygotowywanie i dostarczanie żywności dla odbiorców zewnętrznych (katering okazjonalny);NACE Rev. 2 class  56.21 is mapped to NACE Rev. 2.1 class  56.21
Regularne przygotowywanie i dostarczanie żywności dla odbiorców zewnętrznych (katering regularny) i pozostała gastronomiczna działalność usługowa;NACE Rev. 2 class  56.29 is mapped to NACE Rev. 2.1 class  56.22
Podawanie napojów;NACE Rev. 2 class  56.30 is mapped to NACE Rev. 2.1 class  56.30
Wydawanie książek;NACE Rev. 2 class  58.11 is mapped to NACE Rev. 2.1 class  58.11
Pozostała działalność wydawnicza, z wyłączeniem w zakresie oprogramowania;NACE Rev. 2 class  58.12 is mapped to NACE Rev. 2.1 class  58.19
Wydawanie gazet;NACE Rev. 2 class  58.13 is mapped to NACE Rev. 2.1 class  58.12
Wydawanie czasopism i pozostałych periodyków;NACE Rev. 2 class  58.14 is mapped to NACE Rev. 2.1 class  58.13
Działalność wydawnicza w zakresie gier komputerowych;NACE Rev. 2 class  58.21 is mapped to NACE Rev. 2.1 class  58.21
Działalność wydawnicza w zakresie pozostałego oprogramowania;NACE Rev. 2 class  58.29 is mapped to NACE Rev. 2.1 class  58.29
Działalność postprodukcyjna związana z filmami, nagraniami wideo i programami telewizyjnymi;NACE Rev. 2 class  59.12 is mapped to NACE Rev. 2.1 class  59.12
Działalność związana z dystrybucją filmów i nagrań wideo;NACE Rev. 2 class  59.13 is mapped to NACE Rev. 2.1 class  59.13
Działalność związana z projekcją filmów;NACE Rev. 2 class  59.14 is mapped to NACE Rev. 2.1 class  59.14
Działalność w zakresie nagrań dźwiękowych i muzycznych;NACE Rev. 2 class  59.20 is mapped to NACE Rev. 2.1 class  59.20
Nadawanie programów radiofonicznych i dystrybucja nagrań dźwiękowych;NACE Rev. 2 class  60.10 is mapped to NACE Rev. 2.1 class  60.10
Nadawanie programów telewizyjnych ogólnodostępnych i abonamentowych oraz dystrybucja nagrań wideo;NACE Rev. 2 class  60.20 is mapped to NACE Rev. 2.1 class  60.20
Działalność w zakresie telekomunikacji przewodowej, bezprzewodowej i satelitarnej;NACE Rev. 2 class  61.10 is mapped to NACE Rev. 2.1 class  61.10
Działalność w zakresie telekomunikacji przewodowej, bezprzewodowej i satelitarnej;NACE Rev. 2 class  61.30 is mapped to NACE Rev. 2.1 class  61.10
Działalność w zakresie programowania;NACE Rev. 2 class  62.01 is mapped to NACE Rev. 2.1 class  62.10
Działalność związana z doradztwem w zakresie informatyki oraz zarządzaniem urządzeniami informatycznymi;NACE Rev. 2 class  62.02 is mapped to NACE Rev. 2.1 class  62.20
Działalność związana z doradztwem w zakresie informatyki oraz zarządzaniem urządzeniami informatycznymi;NACE Rev. 2 class  62.03 is mapped to NACE Rev. 2.1 class  62.20
Pozostała działalność usługowa w zakresie technologii informatycznych i komputerowych;NACE Rev. 2 class  62.09 is mapped to NACE Rev. 2.1 class  62.90
Działalność agencji informacyjnych;NACE Rev. 2 class  63.91 is mapped to NACE Rev. 2.1 class  60.31
Pozostała działalność usługowa w zakresie informacji;NACE Rev. 2 class  63.99 is mapped to NACE Rev. 2.1 class  63.92
Działalność banku centralnego;NACE Rev. 2 class  64.11 is mapped to NACE Rev. 2.1 class  64.11
Pozostałe pośrednictwo pieniężne;NACE Rev. 2 class  64.19 is mapped to NACE Rev. 2.1 class  64.19
Leasing finansowy;NACE Rev. 2 class  64.91 is mapped to NACE Rev. 2.1 class  64.91
Pozostałe formy udzielania kredytów;NACE Rev. 2 class  64.92 is mapped to NACE Rev. 2.1 class  64.92
Ubezpieczenia na życie;NACE Rev. 2 class  65.11 is mapped to NACE Rev. 2.1 class  65.11
Pozostałe ubezpieczenia osobowe oraz ubezpieczenia majątkowe;NACE Rev. 2 class  65.12 is mapped to NACE Rev. 2.1 class  65.12
Reasekuracja;NACE Rev. 2 class  65.20 is mapped to NACE Rev. 2.1 class  65.20
Fundusze emerytalne;NACE Rev. 2 class  65.30 is mapped to NACE Rev. 2.1 class  65.30
Zarządzanie rynkami finansowymi;NACE Rev. 2 class  66.11 is mapped to NACE Rev. 2.1 class  66.11
Działalność maklerska związana z rynkiem papierów wartościowych i towarów giełdowych;NACE Rev. 2 class  66.12 is mapped to NACE Rev. 2.1 class  66.12
Działalność związana z oceną ryzyka i szacowaniem poniesionych strat;NACE Rev. 2 class  66.21 is mapped to NACE Rev. 2.1 class  66.21
Działalność agentów i brokerów ubezpieczeniowych;NACE Rev. 2 class  66.22 is mapped to NACE Rev. 2.1 class  66.22
Działalność wspomagająca ubezpieczenia i fundusze emerytalne, gdzie indziej niesklasyfikowana;NACE Rev. 2 class  66.29 is mapped to NACE Rev. 2.1 class  66.29
Działalność związana z zarządzaniem funduszami;NACE Rev. 2 class  66.30 is mapped to NACE Rev. 2.1 class  66.30
Kupno i sprzedaż nieruchomości na własny rachunek;NACE Rev. 2 class  68.10 is mapped to NACE Rev. 2.1 class  68.11
Pozostała działalność związana z obsługą rynku nieruchomości wykonywana na zlecenie;NACE Rev. 2 class  68.32 is mapped to NACE Rev. 2.1 class  68.32
Działalność prawnicza;NACE Rev. 2 class  69.10 is mapped to NACE Rev. 2.1 class  69.10
"Działalność rachunkowo-księgowa; doradztwo podatkowe";NACE Rev. 2 class  69.20 is mapped to NACE Rev. 2.1 class  69.20
Działalność central (head offices);NACE Rev. 2 class  70.10 is mapped to NACE Rev. 2.1 class  70.10
Działalność w zakresie public relations i komunikacji;NACE Rev. 2 class  70.21 is mapped to NACE Rev. 2.1 class  73.30
Doradztwo w zakresie prowadzenia działalności gospodarczej i pozostałe doradztwo w zakresie zarządzania;NACE Rev. 2 class  70.22 is mapped to NACE Rev. 2.1 class  70.20
Działalność w zakresie architektury;NACE Rev. 2 class  71.11 is mapped to NACE Rev. 2.1 class  71.11
Działalność w zakresie inżynierii i związane z nią doradztwo techniczne;NACE Rev. 2 class  71.12 is mapped to NACE Rev. 2.1 class  71.12
Badania i analizy techniczne;NACE Rev. 2 class  71.20 is mapped to NACE Rev. 2.1 class  71.20
Badania naukowe i prace rozwojowe w dziedzinie nauk przyrodniczych i technicznych;NACE Rev. 2 class  72.11 is mapped to NACE Rev. 2.1 class  72.10
Badania naukowe i prace rozwojowe w dziedzinie nauk przyrodniczych i technicznych;NACE Rev. 2 class  72.19 is mapped to NACE Rev. 2.1 class  72.10
Badania naukowe i prace rozwojowe w dziedzinie nauk społecznych i humanistycznych;NACE Rev. 2 class  72.20 is mapped to NACE Rev. 2.1 class  72.20
Działalność agencji reklamowych;NACE Rev. 2 class  73.11 is mapped to NACE Rev. 2.1 class  73.11
Reklama poprzez środki masowego przekazu;NACE Rev. 2 class  73.12 is mapped to NACE Rev. 2.1 class  73.12
Badanie rynku i opinii publicznej;NACE Rev. 2 class  73.20 is mapped to NACE Rev. 2.1 class  73.20
Działalność związana z tłumaczeniami;NACE Rev. 2 class  74.30 is mapped to NACE Rev. 2.1 class  74.30
Działalność weterynaryjna;NACE Rev. 2 class  75.00 is mapped to NACE Rev. 2.1 class  75.00
Wynajem i dzierżawa samochodów osobowych i lekkich pojazdów silnikowych;NACE Rev. 2 class  77.11 is mapped to NACE Rev. 2.1 class  77.11
Wypożyczanie i dzierżawa sprzętu rekreacyjnego i sportowego;NACE Rev. 2 class  77.21 is mapped to NACE Rev. 2.1 class  77.21
Wypożyczanie i dzierżawa pozostałych artykułów użytku osobistego i domowego;NACE Rev. 2 class  77.22 is mapped to NACE Rev. 2.1 class  77.22
Wypożyczanie i dzierżawa pozostałych artykułów użytku osobistego i domowego;NACE Rev. 2 class  77.29 is mapped to NACE Rev. 2.1 class  77.22
Wynajem i dzierżawa maszyn i urządzeń rolniczych;NACE Rev. 2 class  77.31 is mapped to NACE Rev. 2.1 class  77.31
Wynajem i dzierżawa maszyn i urządzeń budowlanych;NACE Rev. 2 class  77.32 is mapped to NACE Rev. 2.1 class  77.32
Wynajem i dzierżawa maszyn i urządzeń biurowych oraz komputerów;NACE Rev. 2 class  77.33 is mapped to NACE Rev. 2.1 class  77.33
Wynajem i dzierżawa środków transportu wodnego;NACE Rev. 2 class  77.34 is mapped to NACE Rev. 2.1 class  77.34
Wynajem i dzierżawa środków transportu lotniczego;NACE Rev. 2 class  77.35 is mapped to NACE Rev. 2.1 class  77.35
Dzierżawa własności intelektualnej i podobnych produktów, z wyłączeniem prac chronionych prawem autorskim;NACE Rev. 2 class  77.40 is mapped to NACE Rev. 2.1 class  77.40
Działalność związana z wyszukiwaniem miejsc pracy i pozyskiwaniem pracowników;NACE Rev. 2 class  78.10 is mapped to NACE Rev. 2.1 class  78.10
Działalność agencji pracy tymczasowej i pozostała działalność związana z udostępnianiem pracowników;NACE Rev. 2 class  78.20 is mapped to NACE Rev. 2.1 class  78.20
Działalność agencji pracy tymczasowej i pozostała działalność związana z udostępnianiem pracowników;NACE Rev. 2 class  78.30 is mapped to NACE Rev. 2.1 class  78.20
Działalność organizatorów turystyki;NACE Rev. 2 class  79.12 is mapped to NACE Rev. 2.1 class  79.12
Działalność detektywistyczna i działalność ochroniarska w zakresie ochrony osobistej;NACE Rev. 2 class  80.10 is mapped to NACE Rev. 2.1 class  80.01
Działalność ochroniarska gdzie indziej niesklasyfikowana;NACE Rev. 2 class  80.20 is mapped to NACE Rev. 2.1 class  80.09
Działalność detektywistyczna i działalność ochroniarska w zakresie ochrony osobistej;NACE Rev. 2 class  80.30 is mapped to NACE Rev. 2.1 class  80.01
Działalność pomocnicza związana z utrzymaniem porządku w budynkach;NACE Rev. 2 class  81.10 is mapped to NACE Rev. 2.1 class  81.10
Pozostałe sprzątanie budynków i obiektów przemysłowych;NACE Rev. 2 class  81.22 is mapped to NACE Rev. 2.1 class  81.22
Pozostałe sprzątanie;NACE Rev. 2 class  81.29 is mapped to NACE Rev. 2.1 class  81.23
Działalność usługowa związana z zagospodarowaniem terenów zieleni;NACE Rev. 2 class  81.30 is mapped to NACE Rev. 2.1 class  81.30
Działalność związana z administracyjną obsługą biura, włączając działalność wspomagającą;NACE Rev. 2 class  82.11 is mapped to NACE Rev. 2.1 class  82.10
Działalność centrów telefonicznych (call center);NACE Rev. 2 class  82.20 is mapped to NACE Rev. 2.1 class  82.20
Działalność świadczona przez agencje inkasa i biura kredytowe;NACE Rev. 2 class  82.91 is mapped to NACE Rev. 2.1 class  82.91
Działalność związana z pakowaniem;NACE Rev. 2 class  82.92 is mapped to NACE Rev. 2.1 class  82.92
Kierowanie podstawowymi rodzajami działalności publicznej;NACE Rev. 2 class  84.11 is mapped to NACE Rev. 2.1 class  84.11
Kierowanie działalnością usługową w zakresie ochrony zdrowia, edukacji, kultury oraz pozostałych usług społecznych;NACE Rev. 2 class  84.12 is mapped to NACE Rev. 2.1 class  84.12
Kierowanie w zakresie efektywności gospodarowania;NACE Rev. 2 class  84.13 is mapped to NACE Rev. 2.1 class  84.13
Sprawy zagraniczne;NACE Rev. 2 class  84.21 is mapped to NACE Rev. 2.1 class  84.21
Obrona narodowa;NACE Rev. 2 class  84.22 is mapped to NACE Rev. 2.1 class  84.22
Wymiar sprawiedliwości;NACE Rev. 2 class  84.23 is mapped to NACE Rev. 2.1 class  84.23
Bezpieczeństwo państwa, porządek i bezpieczeństwo publiczne;NACE Rev. 2 class  84.24 is mapped to NACE Rev. 2.1 class  84.24
Ochrona przeciwpożarowa;NACE Rev. 2 class  84.25 is mapped to NACE Rev. 2.1 class  84.25
Obowiązkowe ubezpieczenia społeczne;NACE Rev. 2 class  84.30 is mapped to NACE Rev. 2.1 class  84.30
Szkoły podstawowe;NACE Rev. 2 class  85.20 is mapped to NACE Rev. 2.1 class  85.20
Szkoły średnie ogólnokształcące;NACE Rev. 2 class  85.31 is mapped to NACE Rev. 2.1 class  85.31
Szkoły prowadzące szkolenie zawodowe, z wyłączeniem szkół policealnych;NACE Rev. 2 class  85.32 is mapped to NACE Rev. 2.1 class  85.32
Szkoły policealne;NACE Rev. 2 class  85.41 is mapped to NACE Rev. 2.1 class  85.33
Szkoły wyższe;NACE Rev. 2 class  85.42 is mapped to NACE Rev. 2.1 class  85.40
Pozostałe formy edukacji artystycznej;NACE Rev. 2 class  85.52 is mapped to NACE Rev. 2.1 class  85.52
Pozostałe formy edukacji z zakresu nauki jazdy i pilotażu;NACE Rev. 2 class  85.53 is mapped to NACE Rev. 2.1 class  85.53
Pozostałe formy edukacji, gdzie indziej niesklasyfikowane;NACE Rev. 2 class  85.59 is mapped to NACE Rev. 2.1 class  85.59
Działalność wspomagająca edukację, gdzie indziej niesklasyfikowana;NACE Rev. 2 class  85.60 is mapped to NACE Rev. 2.1 class  85.69
Działalność szpitali;NACE Rev. 2 class  86.10 is mapped to NACE Rev. 2.1 class  86.10
Praktyka lekarska ogólna;NACE Rev. 2 class  86.21 is mapped to NACE Rev. 2.1 class  86.21
Praktyka lekarska specjalistyczna;NACE Rev. 2 class  86.22 is mapped to NACE Rev. 2.1 class  86.22
Praktyka dentystyczna;NACE Rev. 2 class  86.23 is mapped to NACE Rev. 2.1 class  86.23
Pomoc społeczna z zakwaterowaniem zapewniająca opiekę pielęgniarską;NACE Rev. 2 class  87.10 is mapped to NACE Rev. 2.1 class  87.10
Pomoc społeczna z zakwaterowaniem dla osób z zaburzeniami psychicznymi lub uzależnieniami;NACE Rev. 2 class  87.20 is mapped to NACE Rev. 2.1 class  87.20
Pomoc społeczna z zakwaterowaniem dla osób starszych lub osób z niepełnosprawnościami ruchowymi;NACE Rev. 2 class  87.30 is mapped to NACE Rev. 2.1 class  87.30
Pozostała pomoc społeczna z zakwaterowaniem gdzie indziej niesklasyfikowana;NACE Rev. 2 class  87.90 is mapped to NACE Rev. 2.1 class  87.99
Pomoc społeczna bez zakwaterowania dla osób starszych lub osób z niepełnosprawnościami;NACE Rev. 2 class  88.10 is mapped to NACE Rev. 2.1 class  88.10
Opieka dzienna nad dziećmi;NACE Rev. 2 class  88.91 is mapped to NACE Rev. 2.1 class  88.91
Pozostała pomoc społeczna bez zakwaterowania, gdzie indziej niesklasyfikowana;NACE Rev. 2 class  88.99 is mapped to NACE Rev. 2.1 class  88.99
Działalność związana z wystawianiem przedstawień artystycznych;NACE Rev. 2 class  90.01 is mapped to NACE Rev. 2.1 class  90.20
Pozostała działalność wspomagająca działalność twórczą i związaną z wystawianiem przedstawień artystycznych;NACE Rev. 2 class  90.02 is mapped to NACE Rev. 2.1 class  90.39
Działalność obiektów kulturalnych;NACE Rev. 2 class  90.04 is mapped to NACE Rev. 2.1 class  90.31
Działalność muzeów i kolekcji;NACE Rev. 2 class  91.02 is mapped to NACE Rev. 2.1 class  91.21
Działalność związana z miejscami historycznymi i pomnikami;NACE Rev. 2 class  91.03 is mapped to NACE Rev. 2.1 class  91.22
Działalność związana z grami losowymi i zakładami wzajemnymi;NACE Rev. 2 class  92.00 is mapped to NACE Rev. 2.1 class  92.00
Działalność klubów sportowych;NACE Rev. 2 class  93.12 is mapped to NACE Rev. 2.1 class  93.12
Działalność klubów fitness;NACE Rev. 2 class  93.13 is mapped to NACE Rev. 2.1 class  93.13
Działalność organizacji komercyjnych i pracodawców;NACE Rev. 2 class  94.11 is mapped to NACE Rev. 2.1 class  94.11
Działalność organizacji profesjonalnych;NACE Rev. 2 class  94.12 is mapped to NACE Rev. 2.1 class  94.12
Działalność związków zawodowych;NACE Rev. 2 class  94.20 is mapped to NACE Rev. 2.1 class  94.20
Działalność organizacji religijnych;NACE Rev. 2 class  94.91 is mapped to NACE Rev. 2.1 class  94.91
Działalność organizacji politycznych;NACE Rev. 2 class  94.92 is mapped to NACE Rev. 2.1 class  94.92
Działalność pozostałych organizacji członkowskich, gdzie indziej niesklasyfikowana;NACE Rev. 2 class  94.99 is mapped to NACE Rev. 2.1 class  94.99
Naprawa i konserwacja komputerów i sprzętu (tele)komunikacyjnego;NACE Rev. 2 class  95.11 is mapped to NACE Rev. 2.1 class  95.10
Naprawa i konserwacja komputerów i sprzętu (tele)komunikacyjnego;NACE Rev. 2 class  95.12 is mapped to NACE Rev. 2.1 class  95.10
Naprawa i konserwacja elektronicznego sprzętu powszechnego użytku;NACE Rev. 2 class  95.21 is mapped to NACE Rev. 2.1 class  95.21
Naprawa i konserwacja urządzeń gospodarstwa domowego oraz sprzętu do użytku domowego i ogrodniczego;NACE Rev. 2 class  95.22 is mapped to NACE Rev. 2.1 class  95.22
Naprawa i konserwacja obuwia i wyrobów skórzanych;NACE Rev. 2 class  95.23 is mapped to NACE Rev. 2.1 class  95.23
Naprawa i konserwacja mebli i wyposażenia domowego;NACE Rev. 2 class  95.24 is mapped to NACE Rev. 2.1 class  95.24
Naprawa i konserwacja zegarów, zegarków oraz biżuterii;NACE Rev. 2 class  95.25 is mapped to NACE Rev. 2.1 class  95.25
Naprawa i konserwacja artykułów użytku osobistego i domowego, gdzie indziej niesklasyfikowana;NACE Rev. 2 class  95.29 is mapped to NACE Rev. 2.1 class  95.29
Pogrzeby i działalność pokrewna;NACE Rev. 2 class  96.03 is mapped to NACE Rev. 2.1 class  96.30
Działalność spa, saun i łaźni parowych;NACE Rev. 2 class  96.04 is mapped to NACE Rev. 2.1 class  96.23
Pozostała działalność usługowa, gdzie indziej niesklasyfikowana;NACE Rev. 2 class  96.09 is mapped to NACE Rev. 2.1 class  96.99
Gospodarstwa domowe zatrudniające pracowników;NACE Rev. 2 class  97.00 is mapped to NACE Rev. 2.1 class  97.00
Gospodarstwa domowe produkujące wyroby na własne potrzeby;NACE Rev. 2 class  98.10 is mapped to NACE Rev. 2.1 class  98.10
Gospodarstwa domowe świadczące usługi na własne potrzeby;NACE Rev. 2 class  98.20 is mapped to NACE Rev. 2.1 class  98.20
Organizacje i zespoły eksterytorialne;NACE Rev. 2 class  99.00 is mapped to NACE Rev. 2.1 class  99.00
